masks,images
blur_10_0.jpg,blur_10_0.jpg
blur_10_1.jpg,blur_10_1.jpg
blur_10_2.jpg,blur_10_2.jpg
blur_10_3.jpg,blur_10_3.jpg
blur_10_4.jpg,blur_10_4.jpg
blur_10_5.jpg,blur_10_5.jpg
blur_10_6.jpg,blur_10_6.jpg
blur_10_7.jpg,blur_10_7.jpg
blur_10_8.jpg,blur_10_8.jpg
blur_1_0.jpg,blur_1_0.jpg
blur_1_1.jpg,blur_1_1.jpg
blur_1_2.jpg,blur_1_2.jpg
blur_1_3.jpg,blur_1_3.jpg
blur_1_4.jpg,blur_1_4.jpg
blur_1_5.jpg,blur_1_5.jpg
blur_1_6.jpg,blur_1_6.jpg
blur_1_7.jpg,blur_1_7.jpg
blur_1_8.jpg,blur_1_8.jpg
blur_2_0.jpg,blur_2_0.jpg
blur_2_1.jpg,blur_2_1.jpg
blur_2_2.jpg,blur_2_2.jpg
blur_2_3.jpg,blur_2_3.jpg
blur_2_4.jpg,blur_2_4.jpg
blur_2_5.jpg,blur_2_5.jpg
blur_2_6.jpg,blur_2_6.jpg
blur_2_7.jpg,blur_2_7.jpg
blur_2_8.jpg,blur_2_8.jpg
blur_3_0.jpg,blur_3_0.jpg
blur_3_1.jpg,blur_3_1.jpg
blur_3_2.jpg,blur_3_2.jpg
blur_3_3.jpg,blur_3_3.jpg
blur_3_4.jpg,blur_3_4.jpg
blur_3_5.jpg,blur_3_5.jpg
blur_3_6.jpg,blur_3_6.jpg
blur_3_7.jpg,blur_3_7.jpg
blur_3_8.jpg,blur_3_8.jpg
blur_4_0.jpg,blur_4_0.jpg
blur_4_1.jpg,blur_4_1.jpg
blur_4_2.jpg,blur_4_2.jpg
blur_4_3.jpg,blur_4_3.jpg
blur_4_4.jpg,blur_4_4.jpg
blur_4_5.jpg,blur_4_5.jpg
blur_4_6.jpg,blur_4_6.jpg
blur_4_7.jpg,blur_4_7.jpg
blur_4_8.jpg,blur_4_8.jpg
blur_5_0.jpg,blur_5_0.jpg
blur_5_1.jpg,blur_5_1.jpg
blur_5_2.jpg,blur_5_2.jpg
blur_5_3.jpg,blur_5_3.jpg
blur_5_4.jpg,blur_5_4.jpg
blur_5_5.jpg,blur_5_5.jpg
blur_5_6.jpg,blur_5_6.jpg
blur_5_7.jpg,blur_5_7.jpg
blur_5_8.jpg,blur_5_8.jpg
blur_6_0.jpg,blur_6_0.jpg
blur_6_1.jpg,blur_6_1.jpg
blur_6_2.jpg,blur_6_2.jpg
blur_6_3.jpg,blur_6_3.jpg
blur_6_4.jpg,blur_6_4.jpg
blur_6_5.jpg,blur_6_5.jpg
blur_6_6.jpg,blur_6_6.jpg
blur_6_7.jpg,blur_6_7.jpg
blur_6_8.jpg,blur_6_8.jpg
blur_7_0.jpg,blur_7_0.jpg
blur_7_1.jpg,blur_7_1.jpg
blur_7_2.jpg,blur_7_2.jpg
blur_7_3.jpg,blur_7_3.jpg
blur_7_4.jpg,blur_7_4.jpg
blur_7_5.jpg,blur_7_5.jpg
blur_7_6.jpg,blur_7_6.jpg
blur_7_7.jpg,blur_7_7.jpg
blur_7_8.jpg,blur_7_8.jpg
blur_8_0.jpg,blur_8_0.jpg
blur_8_1.jpg,blur_8_1.jpg
blur_8_2.jpg,blur_8_2.jpg
blur_8_3.jpg,blur_8_3.jpg
blur_8_4.jpg,blur_8_4.jpg
blur_8_5.jpg,blur_8_5.jpg
blur_8_6.jpg,blur_8_6.jpg
blur_8_7.jpg,blur_8_7.jpg
blur_8_8.jpg,blur_8_8.jpg
blur_9_0.jpg,blur_9_0.jpg
blur_9_1.jpg,blur_9_1.jpg
blur_9_2.jpg,blur_9_2.jpg
blur_9_3.jpg,blur_9_3.jpg
blur_9_4.jpg,blur_9_4.jpg
blur_9_5.jpg,blur_9_5.jpg
blur_9_6.jpg,blur_9_6.jpg
blur_9_7.jpg,blur_9_7.jpg
blur_9_8.jpg,blur_9_8.jpg
contrast_10_0.jpg,contrast_10_0.jpg
contrast_10_1.jpg,contrast_10_1.jpg
contrast_10_2.jpg,contrast_10_2.jpg
contrast_10_3.jpg,contrast_10_3.jpg
contrast_10_4.jpg,contrast_10_4.jpg
contrast_10_5.jpg,contrast_10_5.jpg
contrast_10_6.jpg,contrast_10_6.jpg
contrast_10_7.jpg,contrast_10_7.jpg
contrast_10_8.jpg,contrast_10_8.jpg
contrast_1_0.jpg,contrast_1_0.jpg
contrast_1_1.jpg,contrast_1_1.jpg
contrast_1_2.jpg,contrast_1_2.jpg
contrast_1_3.jpg,contrast_1_3.jpg
contrast_1_4.jpg,contrast_1_4.jpg
contrast_1_5.jpg,contrast_1_5.jpg
contrast_1_6.jpg,contrast_1_6.jpg
contrast_1_7.jpg,contrast_1_7.jpg
contrast_1_8.jpg,contrast_1_8.jpg
contrast_2_0.jpg,contrast_2_0.jpg
contrast_2_1.jpg,contrast_2_1.jpg
contrast_2_2.jpg,contrast_2_2.jpg
contrast_2_3.jpg,contrast_2_3.jpg
contrast_2_4.jpg,contrast_2_4.jpg
contrast_2_5.jpg,contrast_2_5.jpg
contrast_2_6.jpg,contrast_2_6.jpg
contrast_2_7.jpg,contrast_2_7.jpg
contrast_2_8.jpg,contrast_2_8.jpg
contrast_3_0.jpg,contrast_3_0.jpg
contrast_3_1.jpg,contrast_3_1.jpg
contrast_3_2.jpg,contrast_3_2.jpg
contrast_3_3.jpg,contrast_3_3.jpg
contrast_3_4.jpg,contrast_3_4.jpg
contrast_3_5.jpg,contrast_3_5.jpg
contrast_3_6.jpg,contrast_3_6.jpg
contrast_3_7.jpg,contrast_3_7.jpg
contrast_3_8.jpg,contrast_3_8.jpg
contrast_4_0.jpg,contrast_4_0.jpg
contrast_4_1.jpg,contrast_4_1.jpg
contrast_4_2.jpg,contrast_4_2.jpg
contrast_4_3.jpg,contrast_4_3.jpg
contrast_4_4.jpg,contrast_4_4.jpg
contrast_4_5.jpg,contrast_4_5.jpg
contrast_4_6.jpg,contrast_4_6.jpg
contrast_4_7.jpg,contrast_4_7.jpg
contrast_4_8.jpg,contrast_4_8.jpg
contrast_5_0.jpg,contrast_5_0.jpg
contrast_5_1.jpg,contrast_5_1.jpg
contrast_5_2.jpg,contrast_5_2.jpg
contrast_5_3.jpg,contrast_5_3.jpg
contrast_5_4.jpg,contrast_5_4.jpg
contrast_5_5.jpg,contrast_5_5.jpg
contrast_5_6.jpg,contrast_5_6.jpg
contrast_5_7.jpg,contrast_5_7.jpg
contrast_5_8.jpg,contrast_5_8.jpg
contrast_6_0.jpg,contrast_6_0.jpg
contrast_6_1.jpg,contrast_6_1.jpg
contrast_6_2.jpg,contrast_6_2.jpg
contrast_6_3.jpg,contrast_6_3.jpg
contrast_6_4.jpg,contrast_6_4.jpg
contrast_6_5.jpg,contrast_6_5.jpg
contrast_6_6.jpg,contrast_6_6.jpg
contrast_6_7.jpg,contrast_6_7.jpg
contrast_6_8.jpg,contrast_6_8.jpg
contrast_7_0.jpg,contrast_7_0.jpg
contrast_7_1.jpg,contrast_7_1.jpg
contrast_7_2.jpg,contrast_7_2.jpg
contrast_7_3.jpg,contrast_7_3.jpg
contrast_7_4.jpg,contrast_7_4.jpg
contrast_7_5.jpg,contrast_7_5.jpg
contrast_7_6.jpg,contrast_7_6.jpg
contrast_7_7.jpg,contrast_7_7.jpg
contrast_7_8.jpg,contrast_7_8.jpg
contrast_8_0.jpg,contrast_8_0.jpg
contrast_8_1.jpg,contrast_8_1.jpg
contrast_8_2.jpg,contrast_8_2.jpg
contrast_8_3.jpg,contrast_8_3.jpg
contrast_8_4.jpg,contrast_8_4.jpg
contrast_8_5.jpg,contrast_8_5.jpg
contrast_8_6.jpg,contrast_8_6.jpg
contrast_8_7.jpg,contrast_8_7.jpg
contrast_8_8.jpg,contrast_8_8.jpg
contrast_9_0.jpg,contrast_9_0.jpg
contrast_9_1.jpg,contrast_9_1.jpg
contrast_9_2.jpg,contrast_9_2.jpg
contrast_9_3.jpg,contrast_9_3.jpg
contrast_9_4.jpg,contrast_9_4.jpg
contrast_9_5.jpg,contrast_9_5.jpg
contrast_9_6.jpg,contrast_9_6.jpg
contrast_9_7.jpg,contrast_9_7.jpg
contrast_9_8.jpg,contrast_9_8.jpg
fliplr_10_0.jpg,fliplr_10_0.jpg
fliplr_10_1.jpg,fliplr_10_1.jpg
fliplr_10_2.jpg,fliplr_10_2.jpg
fliplr_10_3.jpg,fliplr_10_3.jpg
fliplr_10_4.jpg,fliplr_10_4.jpg
fliplr_10_5.jpg,fliplr_10_5.jpg
fliplr_10_6.jpg,fliplr_10_6.jpg
fliplr_10_7.jpg,fliplr_10_7.jpg
fliplr_10_8.jpg,fliplr_10_8.jpg
fliplr_1_0.jpg,fliplr_1_0.jpg
fliplr_1_1.jpg,fliplr_1_1.jpg
fliplr_1_2.jpg,fliplr_1_2.jpg
fliplr_1_3.jpg,fliplr_1_3.jpg
fliplr_1_4.jpg,fliplr_1_4.jpg
fliplr_1_5.jpg,fliplr_1_5.jpg
fliplr_1_6.jpg,fliplr_1_6.jpg
fliplr_1_7.jpg,fliplr_1_7.jpg
fliplr_1_8.jpg,fliplr_1_8.jpg
fliplr_2_0.jpg,fliplr_2_0.jpg
fliplr_2_1.jpg,fliplr_2_1.jpg
fliplr_2_2.jpg,fliplr_2_2.jpg
fliplr_2_3.jpg,fliplr_2_3.jpg
fliplr_2_4.jpg,fliplr_2_4.jpg
fliplr_2_5.jpg,fliplr_2_5.jpg
fliplr_2_6.jpg,fliplr_2_6.jpg
fliplr_2_7.jpg,fliplr_2_7.jpg
fliplr_2_8.jpg,fliplr_2_8.jpg
fliplr_3_0.jpg,fliplr_3_0.jpg
fliplr_3_1.jpg,fliplr_3_1.jpg
fliplr_3_2.jpg,fliplr_3_2.jpg
fliplr_3_3.jpg,fliplr_3_3.jpg
fliplr_3_4.jpg,fliplr_3_4.jpg
fliplr_3_5.jpg,fliplr_3_5.jpg
fliplr_3_6.jpg,fliplr_3_6.jpg
fliplr_3_7.jpg,fliplr_3_7.jpg
fliplr_3_8.jpg,fliplr_3_8.jpg
fliplr_4_0.jpg,fliplr_4_0.jpg
fliplr_4_1.jpg,fliplr_4_1.jpg
fliplr_4_2.jpg,fliplr_4_2.jpg
fliplr_4_3.jpg,fliplr_4_3.jpg
fliplr_4_4.jpg,fliplr_4_4.jpg
fliplr_4_5.jpg,fliplr_4_5.jpg
fliplr_4_6.jpg,fliplr_4_6.jpg
fliplr_4_7.jpg,fliplr_4_7.jpg
fliplr_4_8.jpg,fliplr_4_8.jpg
fliplr_5_0.jpg,fliplr_5_0.jpg
fliplr_5_1.jpg,fliplr_5_1.jpg
fliplr_5_2.jpg,fliplr_5_2.jpg
fliplr_5_3.jpg,fliplr_5_3.jpg
fliplr_5_4.jpg,fliplr_5_4.jpg
fliplr_5_5.jpg,fliplr_5_5.jpg
fliplr_5_6.jpg,fliplr_5_6.jpg
fliplr_5_7.jpg,fliplr_5_7.jpg
fliplr_5_8.jpg,fliplr_5_8.jpg
fliplr_6_0.jpg,fliplr_6_0.jpg
fliplr_6_1.jpg,fliplr_6_1.jpg
fliplr_6_2.jpg,fliplr_6_2.jpg
fliplr_6_3.jpg,fliplr_6_3.jpg
fliplr_6_4.jpg,fliplr_6_4.jpg
fliplr_6_5.jpg,fliplr_6_5.jpg
fliplr_6_6.jpg,fliplr_6_6.jpg
fliplr_6_7.jpg,fliplr_6_7.jpg
fliplr_6_8.jpg,fliplr_6_8.jpg
fliplr_7_0.jpg,fliplr_7_0.jpg
fliplr_7_1.jpg,fliplr_7_1.jpg
fliplr_7_2.jpg,fliplr_7_2.jpg
fliplr_7_3.jpg,fliplr_7_3.jpg
fliplr_7_4.jpg,fliplr_7_4.jpg
fliplr_7_5.jpg,fliplr_7_5.jpg
fliplr_7_6.jpg,fliplr_7_6.jpg
fliplr_7_7.jpg,fliplr_7_7.jpg
fliplr_7_8.jpg,fliplr_7_8.jpg
fliplr_8_0.jpg,fliplr_8_0.jpg
fliplr_8_1.jpg,fliplr_8_1.jpg
fliplr_8_2.jpg,fliplr_8_2.jpg
fliplr_8_3.jpg,fliplr_8_3.jpg
fliplr_8_4.jpg,fliplr_8_4.jpg
fliplr_8_5.jpg,fliplr_8_5.jpg
fliplr_8_6.jpg,fliplr_8_6.jpg
fliplr_8_7.jpg,fliplr_8_7.jpg
fliplr_8_8.jpg,fliplr_8_8.jpg
fliplr_9_0.jpg,fliplr_9_0.jpg
fliplr_9_1.jpg,fliplr_9_1.jpg
fliplr_9_2.jpg,fliplr_9_2.jpg
fliplr_9_3.jpg,fliplr_9_3.jpg
fliplr_9_4.jpg,fliplr_9_4.jpg
fliplr_9_5.jpg,fliplr_9_5.jpg
fliplr_9_6.jpg,fliplr_9_6.jpg
fliplr_9_7.jpg,fliplr_9_7.jpg
fliplr_9_8.jpg,fliplr_9_8.jpg
flipud_10_0.jpg,flipud_10_0.jpg
flipud_10_1.jpg,flipud_10_1.jpg
flipud_10_2.jpg,flipud_10_2.jpg
flipud_10_3.jpg,flipud_10_3.jpg
flipud_10_4.jpg,flipud_10_4.jpg
flipud_10_5.jpg,flipud_10_5.jpg
flipud_10_6.jpg,flipud_10_6.jpg
flipud_10_7.jpg,flipud_10_7.jpg
flipud_10_8.jpg,flipud_10_8.jpg
flipud_1_0.jpg,flipud_1_0.jpg
flipud_1_1.jpg,flipud_1_1.jpg
flipud_1_2.jpg,flipud_1_2.jpg
flipud_1_3.jpg,flipud_1_3.jpg
flipud_1_4.jpg,flipud_1_4.jpg
flipud_1_5.jpg,flipud_1_5.jpg
flipud_1_6.jpg,flipud_1_6.jpg
flipud_1_7.jpg,flipud_1_7.jpg
flipud_1_8.jpg,flipud_1_8.jpg
flipud_2_0.jpg,flipud_2_0.jpg
flipud_2_1.jpg,flipud_2_1.jpg
flipud_2_2.jpg,flipud_2_2.jpg
flipud_2_3.jpg,flipud_2_3.jpg
flipud_2_4.jpg,flipud_2_4.jpg
flipud_2_5.jpg,flipud_2_5.jpg
flipud_2_6.jpg,flipud_2_6.jpg
flipud_2_7.jpg,flipud_2_7.jpg
flipud_2_8.jpg,flipud_2_8.jpg
flipud_3_0.jpg,flipud_3_0.jpg
flipud_3_1.jpg,flipud_3_1.jpg
flipud_3_2.jpg,flipud_3_2.jpg
flipud_3_3.jpg,flipud_3_3.jpg
flipud_3_4.jpg,flipud_3_4.jpg
flipud_3_5.jpg,flipud_3_5.jpg
flipud_3_6.jpg,flipud_3_6.jpg
flipud_3_7.jpg,flipud_3_7.jpg
flipud_3_8.jpg,flipud_3_8.jpg
flipud_4_0.jpg,flipud_4_0.jpg
flipud_4_1.jpg,flipud_4_1.jpg
flipud_4_2.jpg,flipud_4_2.jpg
flipud_4_3.jpg,flipud_4_3.jpg
flipud_4_4.jpg,flipud_4_4.jpg
flipud_4_5.jpg,flipud_4_5.jpg
flipud_4_6.jpg,flipud_4_6.jpg
flipud_4_7.jpg,flipud_4_7.jpg
flipud_4_8.jpg,flipud_4_8.jpg
flipud_5_0.jpg,flipud_5_0.jpg
flipud_5_1.jpg,flipud_5_1.jpg
flipud_5_2.jpg,flipud_5_2.jpg
flipud_5_3.jpg,flipud_5_3.jpg
flipud_5_4.jpg,flipud_5_4.jpg
flipud_5_5.jpg,flipud_5_5.jpg
flipud_5_6.jpg,flipud_5_6.jpg
flipud_5_7.jpg,flipud_5_7.jpg
flipud_5_8.jpg,flipud_5_8.jpg
flipud_6_0.jpg,flipud_6_0.jpg
flipud_6_1.jpg,flipud_6_1.jpg
flipud_6_2.jpg,flipud_6_2.jpg
flipud_6_3.jpg,flipud_6_3.jpg
flipud_6_4.jpg,flipud_6_4.jpg
flipud_6_5.jpg,flipud_6_5.jpg
flipud_6_6.jpg,flipud_6_6.jpg
flipud_6_7.jpg,flipud_6_7.jpg
flipud_6_8.jpg,flipud_6_8.jpg
flipud_7_0.jpg,flipud_7_0.jpg
flipud_7_1.jpg,flipud_7_1.jpg
flipud_7_2.jpg,flipud_7_2.jpg
flipud_7_3.jpg,flipud_7_3.jpg
flipud_7_4.jpg,flipud_7_4.jpg
flipud_7_5.jpg,flipud_7_5.jpg
flipud_7_6.jpg,flipud_7_6.jpg
flipud_7_7.jpg,flipud_7_7.jpg
flipud_7_8.jpg,flipud_7_8.jpg
flipud_8_0.jpg,flipud_8_0.jpg
flipud_8_1.jpg,flipud_8_1.jpg
flipud_8_2.jpg,flipud_8_2.jpg
flipud_8_3.jpg,flipud_8_3.jpg
flipud_8_4.jpg,flipud_8_4.jpg
flipud_8_5.jpg,flipud_8_5.jpg
flipud_8_6.jpg,flipud_8_6.jpg
flipud_8_7.jpg,flipud_8_7.jpg
flipud_8_8.jpg,flipud_8_8.jpg
flipud_9_0.jpg,flipud_9_0.jpg
flipud_9_1.jpg,flipud_9_1.jpg
flipud_9_2.jpg,flipud_9_2.jpg
flipud_9_3.jpg,flipud_9_3.jpg
flipud_9_4.jpg,flipud_9_4.jpg
flipud_9_5.jpg,flipud_9_5.jpg
flipud_9_6.jpg,flipud_9_6.jpg
flipud_9_7.jpg,flipud_9_7.jpg
flipud_9_8.jpg,flipud_9_8.jpg
original_10_0.jpg,original_10_0.jpg
original_10_1.jpg,original_10_1.jpg
original_10_2.jpg,original_10_2.jpg
original_10_3.jpg,original_10_3.jpg
original_10_4.jpg,original_10_4.jpg
original_10_5.jpg,original_10_5.jpg
original_10_6.jpg,original_10_6.jpg
original_10_7.jpg,original_10_7.jpg
original_10_8.jpg,original_10_8.jpg
original_1_0.jpg,original_1_0.jpg
original_1_1.jpg,original_1_1.jpg
original_1_2.jpg,original_1_2.jpg
original_1_3.jpg,original_1_3.jpg
original_1_4.jpg,original_1_4.jpg
original_1_5.jpg,original_1_5.jpg
original_1_6.jpg,original_1_6.jpg
original_1_7.jpg,original_1_7.jpg
original_1_8.jpg,original_1_8.jpg
original_2_0.jpg,original_2_0.jpg
original_2_1.jpg,original_2_1.jpg
original_2_2.jpg,original_2_2.jpg
original_2_3.jpg,original_2_3.jpg
original_2_4.jpg,original_2_4.jpg
original_2_5.jpg,original_2_5.jpg
original_2_6.jpg,original_2_6.jpg
original_2_7.jpg,original_2_7.jpg
original_2_8.jpg,original_2_8.jpg
original_3_0.jpg,original_3_0.jpg
original_3_1.jpg,original_3_1.jpg
original_3_2.jpg,original_3_2.jpg
original_3_3.jpg,original_3_3.jpg
original_3_4.jpg,original_3_4.jpg
original_3_5.jpg,original_3_5.jpg
original_3_6.jpg,original_3_6.jpg
original_3_7.jpg,original_3_7.jpg
original_3_8.jpg,original_3_8.jpg
original_4_0.jpg,original_4_0.jpg
original_4_1.jpg,original_4_1.jpg
original_4_2.jpg,original_4_2.jpg
original_4_3.jpg,original_4_3.jpg
original_4_4.jpg,original_4_4.jpg
original_4_5.jpg,original_4_5.jpg
original_4_6.jpg,original_4_6.jpg
original_4_7.jpg,original_4_7.jpg
original_4_8.jpg,original_4_8.jpg
original_5_0.jpg,original_5_0.jpg
original_5_1.jpg,original_5_1.jpg
original_5_2.jpg,original_5_2.jpg
original_5_3.jpg,original_5_3.jpg
original_5_4.jpg,original_5_4.jpg
original_5_5.jpg,original_5_5.jpg
original_5_6.jpg,original_5_6.jpg
original_5_7.jpg,original_5_7.jpg
original_5_8.jpg,original_5_8.jpg
original_6_0.jpg,original_6_0.jpg
original_6_1.jpg,original_6_1.jpg
original_6_2.jpg,original_6_2.jpg
original_6_3.jpg,original_6_3.jpg
original_6_4.jpg,original_6_4.jpg
original_6_5.jpg,original_6_5.jpg
original_6_6.jpg,original_6_6.jpg
original_6_7.jpg,original_6_7.jpg
original_6_8.jpg,original_6_8.jpg
original_7_0.jpg,original_7_0.jpg
original_7_1.jpg,original_7_1.jpg
original_7_2.jpg,original_7_2.jpg
original_7_3.jpg,original_7_3.jpg
original_7_4.jpg,original_7_4.jpg
original_7_5.jpg,original_7_5.jpg
original_7_6.jpg,original_7_6.jpg
original_7_7.jpg,original_7_7.jpg
original_7_8.jpg,original_7_8.jpg
original_8_0.jpg,original_8_0.jpg
original_8_1.jpg,original_8_1.jpg
original_8_2.jpg,original_8_2.jpg
original_8_3.jpg,original_8_3.jpg
original_8_4.jpg,original_8_4.jpg
original_8_5.jpg,original_8_5.jpg
original_8_6.jpg,original_8_6.jpg
original_8_7.jpg,original_8_7.jpg
original_8_8.jpg,original_8_8.jpg
original_9_0.jpg,original_9_0.jpg
original_9_1.jpg,original_9_1.jpg
original_9_2.jpg,original_9_2.jpg
original_9_3.jpg,original_9_3.jpg
original_9_4.jpg,original_9_4.jpg
original_9_5.jpg,original_9_5.jpg
original_9_6.jpg,original_9_6.jpg
original_9_7.jpg,original_9_7.jpg
original_9_8.jpg,original_9_8.jpg
rotate_10_0.jpg,rotate_10_0.jpg
rotate_10_1.jpg,rotate_10_1.jpg
rotate_10_2.jpg,rotate_10_2.jpg
rotate_10_3.jpg,rotate_10_3.jpg
rotate_10_4.jpg,rotate_10_4.jpg
rotate_10_5.jpg,rotate_10_5.jpg
rotate_10_6.jpg,rotate_10_6.jpg
rotate_10_7.jpg,rotate_10_7.jpg
rotate_10_8.jpg,rotate_10_8.jpg
rotate_1_0.jpg,rotate_1_0.jpg
rotate_1_1.jpg,rotate_1_1.jpg
rotate_1_2.jpg,rotate_1_2.jpg
rotate_1_3.jpg,rotate_1_3.jpg
rotate_1_4.jpg,rotate_1_4.jpg
rotate_1_5.jpg,rotate_1_5.jpg
rotate_1_6.jpg,rotate_1_6.jpg
rotate_1_7.jpg,rotate_1_7.jpg
rotate_1_8.jpg,rotate_1_8.jpg
rotate_2_0.jpg,rotate_2_0.jpg
rotate_2_1.jpg,rotate_2_1.jpg
rotate_2_2.jpg,rotate_2_2.jpg
rotate_2_3.jpg,rotate_2_3.jpg
rotate_2_4.jpg,rotate_2_4.jpg
rotate_2_5.jpg,rotate_2_5.jpg
rotate_2_6.jpg,rotate_2_6.jpg
rotate_2_7.jpg,rotate_2_7.jpg
rotate_2_8.jpg,rotate_2_8.jpg
rotate_3_0.jpg,rotate_3_0.jpg
rotate_3_1.jpg,rotate_3_1.jpg
rotate_3_2.jpg,rotate_3_2.jpg
rotate_3_3.jpg,rotate_3_3.jpg
rotate_3_4.jpg,rotate_3_4.jpg
rotate_3_5.jpg,rotate_3_5.jpg
rotate_3_6.jpg,rotate_3_6.jpg
rotate_3_7.jpg,rotate_3_7.jpg
rotate_3_8.jpg,rotate_3_8.jpg
rotate_4_0.jpg,rotate_4_0.jpg
rotate_4_1.jpg,rotate_4_1.jpg
rotate_4_2.jpg,rotate_4_2.jpg
rotate_4_3.jpg,rotate_4_3.jpg
rotate_4_4.jpg,rotate_4_4.jpg
rotate_4_5.jpg,rotate_4_5.jpg
rotate_4_6.jpg,rotate_4_6.jpg
rotate_4_7.jpg,rotate_4_7.jpg
rotate_4_8.jpg,rotate_4_8.jpg
rotate_5_0.jpg,rotate_5_0.jpg
rotate_5_1.jpg,rotate_5_1.jpg
rotate_5_2.jpg,rotate_5_2.jpg
rotate_5_3.jpg,rotate_5_3.jpg
rotate_5_4.jpg,rotate_5_4.jpg
rotate_5_5.jpg,rotate_5_5.jpg
rotate_5_6.jpg,rotate_5_6.jpg
rotate_5_7.jpg,rotate_5_7.jpg
rotate_5_8.jpg,rotate_5_8.jpg
rotate_6_0.jpg,rotate_6_0.jpg
rotate_6_1.jpg,rotate_6_1.jpg
rotate_6_2.jpg,rotate_6_2.jpg
rotate_6_3.jpg,rotate_6_3.jpg
rotate_6_4.jpg,rotate_6_4.jpg
rotate_6_5.jpg,rotate_6_5.jpg
rotate_6_6.jpg,rotate_6_6.jpg
rotate_6_7.jpg,rotate_6_7.jpg
rotate_6_8.jpg,rotate_6_8.jpg
rotate_7_0.jpg,rotate_7_0.jpg
rotate_7_1.jpg,rotate_7_1.jpg
rotate_7_2.jpg,rotate_7_2.jpg
rotate_7_3.jpg,rotate_7_3.jpg
rotate_7_4.jpg,rotate_7_4.jpg
rotate_7_5.jpg,rotate_7_5.jpg
rotate_7_6.jpg,rotate_7_6.jpg
rotate_7_7.jpg,rotate_7_7.jpg
rotate_7_8.jpg,rotate_7_8.jpg
rotate_8_0.jpg,rotate_8_0.jpg
rotate_8_1.jpg,rotate_8_1.jpg
rotate_8_2.jpg,rotate_8_2.jpg
rotate_8_3.jpg,rotate_8_3.jpg
rotate_8_4.jpg,rotate_8_4.jpg
rotate_8_5.jpg,rotate_8_5.jpg
rotate_8_6.jpg,rotate_8_6.jpg
rotate_8_7.jpg,rotate_8_7.jpg
rotate_8_8.jpg,rotate_8_8.jpg
rotate_9_0.jpg,rotate_9_0.jpg
rotate_9_1.jpg,rotate_9_1.jpg
rotate_9_2.jpg,rotate_9_2.jpg
rotate_9_3.jpg,rotate_9_3.jpg
rotate_9_4.jpg,rotate_9_4.jpg
rotate_9_5.jpg,rotate_9_5.jpg
rotate_9_6.jpg,rotate_9_6.jpg
rotate_9_7.jpg,rotate_9_7.jpg
rotate_9_8.jpg,rotate_9_8.jpg
